vendorid,tpep_pickup_datetime,tpep_dropoff_datetime,passenger_count,trip_distance,pickup_longitude,pickup_latitude,ratecodeid,dropoff_longitude,dropoff_latitude,payment_type,fare_amount,extra,mta_tax,tip_amount,tolls_amount,total_amount,pickup_location,dropoff_location,store_and_fwd_flag
VTS,2013-05-08T04:00:00.000,2013-05-08T04:06:00.000,1,1.98,-73.981250000000003,40.763347000000003,1,-73.983197000000004,40.743682,CSH,8,0.5,0.5,0,0,9,"{'type': 'Point', 'coordinates': [-73.98125, 40.763347]}","{'type': 'Point', 'coordinates': [-73.983197, 40.743682]}",
VTS,2013-05-08T04:00:00.000,2013-05-08T04:06:00.000,1,2.5299999999999998,-74.004158000000004,40.739576999999997,1,-73.987071999999998,40.766191999999997,CRD,9,0.5,0.5,1.8999999999999999,0,11.9,"{'type': 'Point', 'coordinates': [-74.004158, 40.739577]}","{'type': 'Point', 'coordinates': [-73.987072, 40.766192]}",
VTS,2013-05-08T04:00:00.000,2013-05-08T04:06:00.000,5,0.96999999999999997,-73.992054999999993,40.721732000000003,1,-73.980840000000001,40.728917000000003,CRD,6,0.5,0.5,1.3,0,8.3000000000000007,"{'type': 'Point', 'coordinates': [-73.992055, 40.721732]}","{'type': 'Point', 'coordinates': [-73.98084, 40.728917]}",
VTS,2013-05-08T04:00:00.000,2013-05-08T04:07:00.000,2,2.54,-73.980507000000003,40.734197000000002,1,-73.967641999999998,40.763204999999999,CSH,9.5,0.5,0.5,0,0,10.5,"{'type': 'Point', 'coordinates': [-73.980507, 40.734197]}","{'type': 'Point', 'coordinates': [-73.967642, 40.763205]}",
VTS,2013-05-08T04:00:00.000,2013-05-08T04:01:00.000,1,0.63,-73.986130000000003,40.756101999999998,1,-73.991077000000004,40.749741999999998,CSH,4,0.5,0.5,0,0,5,"{'type': 'Point', 'coordinates': [-73.98613, 40.756102]}","{'type': 'Point', 'coordinates': [-73.991077, 40.749742]}",
VTS,2013-05-08T04:00:00.000,2013-05-08T04:07:00.000,1,1.47,-73.971806999999998,40.762436999999998,1,-73.989149999999995,40.774312000000002,CRD,7.5,0.5,0.5,1.5,0,10,"{'type': 'Point', 'coordinates': [-73.971807, 40.762437]}","{'type': 'Point', 'coordinates': [-73.98915, 40.774312]}",
VTS,2013-05-08T04:00:00.000,2013-05-08T04:07:00.000,5,3.2000000000000002,-73.983431999999993,40.747062,1,-73.951255000000003,40.779809999999998,CSH,10.5,0.5,0.5,0,0,11.5,"{'type': 'Point', 'coordinates': [-73.983432, 40.747062]}","{'type': 'Point', 'coordinates': [-73.951255, 40.77981]}",
VTS,2013-05-08T04:00:00.000,2013-05-08T04:21:00.000,1,8.5099999999999998,-74.007054999999994,40.729537000000001,1,-73.945587000000003,40.820312000000001,CSH,26.5,0.5,0.5,0,0,27.5,"{'type': 'Point', 'coordinates': [-74.007055, 40.729537]}","{'type': 'Point', 'coordinates': [-73.945587, 40.820312]}",
VTS,2013-05-08T04:00:00.000,2013-05-08T04:06:00.000,5,1.3799999999999999,-73.987252999999995,40.765816999999998,1,-73.991337000000001,40.750501999999997,CSH,6.5,0.5,0.5,0,0,7.5,"{'type': 'Point', 'coordinates': [-73.987253, 40.765817]}","{'type': 'Point', 'coordinates': [-73.991337, 40.750502]}",
VTS,2013-05-08T04:00:00.000,2013-05-08T04:03:00.000,1,0.34999999999999998,-74.006268000000006,40.743944999999997,1,-74.004005000000006,40.742212000000002,CSH,4,0.5,0.5,0,0,5,"{'type': 'Point', 'coordinates': [-74.006268, 40.743945]}","{'type': 'Point', 'coordinates': [-74.004005, 40.742212]}",
VTS,2013-05-08T04:00:00.000,2013-05-08T04:04:00.000,1,0.57999999999999996,-73.994649999999993,40.720542000000002,1,-73.988941999999994,40.722957000000001,CRD,5,0.5,0.5,0.5,0,6.5,"{'type': 'Point', 'coordinates': [-73.99465, 40.720542]}","{'type': 'Point', 'coordinates': [-73.988942, 40.722957]}",
VTS,2013-05-08T04:00:00.000,2013-05-08T04:04:00.000,1,1.5,-73.954414999999997,40.769922000000001,1,-73.943325000000002,40.788592000000001,CSH,6.5,0.5,0.5,0,0,7.5,"{'type': 'Point', 'coordinates': [-73.954415, 40.769922]}","{'type': 'Point', 'coordinates': [-73.943325, 40.788592]}",
VTS,2013-05-08T04:00:00.000,2013-05-08T04:10:00.000,1,2.1200000000000001,-73.98603,40.724017000000003,1,-74.009983000000005,40.710802000000001,CRD,9.5,0.5,0.5,3,0,13.5,"{'type': 'Point', 'coordinates': [-73.98603, 40.724017]}","{'type': 'Point', 'coordinates': [-74.009983, 40.710802]}",
VTS,2013-05-08T04:00:00.000,2013-05-08T04:07:00.000,1,2.1099999999999999,-74.004862000000003,40.741019999999999,1,-73.990089999999995,40.752662000000001,CRD,8.5,0.5,0.5,0,0,9.5,"{'type': 'Point', 'coordinates': [-74.004862, 40.74102]}","{'type': 'Point', 'coordinates': [-73.99009, 40.752662]}",
CMT,2013-05-08T04:00:00.000,2013-05-08T04:04:09.000,1,0.5,-73.986052000000001,40.745911999999997,1,-73.988793000000001,40.746901000000001,CSH,4.5,0.5,0.5,0,0,5.5,"{'type': 'Point', 'coordinates': [-73.986052, 40.745912]}","{'type': 'Point', 'coordinates': [-73.988793, 40.746901]}",N
VTS,2013-05-08T04:00:00.000,2013-05-08T04:09:00.000,5,1.54,-73.985647,40.741027000000003,1,-74.003631999999996,40.742012000000003,CSH,8.5,0.5,0.5,0,0,9.5,"{'type': 'Point', 'coordinates': [-73.985647, 40.741027]}","{'type': 'Point', 'coordinates': [-74.003632, 40.742012]}",
VTS,2013-05-08T04:00:00.000,2013-05-08T04:11:00.000,2,3.5099999999999998,-74.000637999999995,40.746229999999997,1,-73.957262,40.762565000000002,CSH,12.5,0.5,0.5,0,0,13.5,"{'type': 'Point', 'coordinates': [-74.000638, 40.74623]}","{'type': 'Point', 'coordinates': [-73.957262, 40.762565]}",
VTS,2013-05-08T04:00:00.000,2013-05-08T04:13:00.000,2,1.3799999999999999,-73.987607999999994,40.760387000000001,1,-73.969555,40.761361999999998,CSH,10,0.5,0.5,0,0,11,"{'type': 'Point', 'coordinates': [-73.987608, 40.760387]}","{'type': 'Point', 'coordinates': [-73.969555, 40.761362]}",
VTS,2013-05-08T04:00:00.000,2013-05-08T04:05:00.000,5,0.65000000000000002,-73.985574999999997,40.723227000000001,1,-73.990767000000005,40.715406999999999,CSH,5,0.5,0.5,0,0,6,"{'type': 'Point', 'coordinates': [-73.985575, 40.723227]}","{'type': 'Point', 'coordinates': [-73.990767, 40.715407]}",
VTS,2013-05-08T04:00:00.000,2013-05-08T04:07:00.000,5,1.8,-73.968226999999999,40.755502,1,-73.991231999999997,40.750587000000003,CSH,8.5,0.5,0.5,0,0,9.5,"{'type': 'Point', 'coordinates': [-73.968227, 40.755502]}","{'type': 'Point', 'coordinates': [-73.991232, 40.750587]}",
VTS,2013-05-08T04:00:00.000,2013-05-08T04:06:00.000,6,1.05,-73.999369999999999,40.733941999999999,1,-74.005705000000006,40.743982000000003,CRD,6.5,0.5,0.5,1.75,0,9.25,"{'type': 'Point', 'coordinates': [-73.99937, 40.733942]}","{'type': 'Point', 'coordinates': [-74.005705, 40.743982]}",
VTS,2013-05-08T04:00:00.000,2013-05-08T04:09:00.000,1,1.75,-74.006164999999996,40.743724999999998,1,-73.983576999999997,40.744225,CRD,8.5,0.5,0.5,1.8,0,11.300000000000001,"{'type': 'Point', 'coordinates': [-74.006165, 40.743725]}","{'type': 'Point', 'coordinates': [-73.983577, 40.744225]}",
VTS,2013-05-08T04:00:00.000,2013-05-08T04:03:00.000,1,0.81000000000000005,-73.992635000000007,40.758422000000003,1,-73.991410000000002,40.750250000000001,CSH,4.5,0.5,0.5,0,0,5.5,"{'type': 'Point', 'coordinates': [-73.992635, 40.758422]}","{'type': 'Point', 'coordinates': [-73.99141, 40.75025]}",
CMT,2013-05-08T04:00:01.000,2013-05-08T04:05:07.000,3,1.2,-74.006782999999999,40.744011999999998,1,-73.992896000000002,40.741374999999998,CRD,6,0.5,0.5,1,0,8,"{'type': 'Point', 'coordinates': [-74.006783, 40.744012]}","{'type': 'Point', 'coordinates': [-73.992896, 40.741375]}",N
CMT,2013-05-08T04:00:02.000,2013-05-08T04:06:51.000,1,1.8999999999999999,-74.003988000000007,40.741881999999997,1,-73.995506000000006,40.721297,CSH,8,0.5,0.5,0,0,9,"{'type': 'Point', 'coordinates': [-74.003988, 40.741882]}","{'type': 'Point', 'coordinates': [-73.995506, 40.721297]}",N
CMT,2013-05-08T04:00:09.000,2013-05-08T04:13:46.000,1,3.1000000000000001,-74.006341000000006,40.743676999999998,1,-74.007254000000003,40.709328999999997,CRD,13,0.5,0.5,1,0,15,"{'type': 'Point', 'coordinates': [-74.006341, 40.743677]}","{'type': 'Point', 'coordinates': [-74.007254, 40.709329]}",N
CMT,2013-05-08T04:00:11.000,2013-05-08T04:02:27.000,1,0.5,-73.983157000000006,40.767693000000001,1,-73.981925000000004,40.763402999999997,CRD,4,0.5,0.5,1,0,6,"{'type': 'Point', 'coordinates': [-73.983157, 40.767693]}","{'type': 'Point', 'coordinates': [-73.981925, 40.763403]}",N
CMT,2013-05-08T04:00:12.000,2013-05-08T04:06:25.000,1,1.1000000000000001,-74.010130000000004,40.714160999999997,1,-74.009343000000001,40.704368000000002,CSH,6,0.5,0.5,0,0,7,"{'type': 'Point', 'coordinates': [-74.01013, 40.714161]}","{'type': 'Point', 'coordinates': [-74.009343, 40.704368]}",N
CMT,2013-05-08T04:00:17.000,2013-05-08T04:19:12.000,2,5.7999999999999998,-73.996735000000001,40.737372000000001,1,-73.957747999999995,40.802109999999999,CRD,19.5,0.5,0.5,4.0999999999999996,0,24.600000000000001,"{'type': 'Point', 'coordinates': [-73.996735, 40.737372]}","{'type': 'Point', 'coordinates': [-73.957748, 40.80211]}",N
CMT,2013-05-08T04:00:19.000,2013-05-08T04:02:47.000,1,1.1000000000000001,-73.961055999999999,40.772239999999996,1,-73.971723999999995,40.761964999999996,CSH,5,0.5,0.5,0,0,6,"{'type': 'Point', 'coordinates': [-73.961056, 40.77224]}","{'type': 'Point', 'coordinates': [-73.971724, 40.761965]}",N
CMT,2013-05-08T04:00:23.000,2013-05-08T04:04:20.000,1,1,-73.986697000000007,40.748179999999998,1,-73.994540999999998,40.754379,CSH,5.5,0.5,0.5,0,0,6.5,"{'type': 'Point', 'coordinates': [-73.986697, 40.74818]}","{'type': 'Point', 'coordinates': [-73.994541, 40.754379]}",N
CMT,2013-05-08T04:00:28.000,2013-05-08T04:13:24.000,2,2.2000000000000002,-74.009990000000002,40.729857000000003,1,-74.007769999999994,40.704327999999997,CRD,10.5,0.5,0.5,2.2999999999999998,0,13.800000000000001,"{'type': 'Point', 'coordinates': [-74.00999, 40.729857]}","{'type': 'Point', 'coordinates': [-74.00777, 40.704328]}",Y
CMT,2013-05-08T04:00:46.000,2013-05-08T04:16:26.000,1,4,-73.975526000000002,40.7547,1,-74.011691999999996,40.712259000000003,CRD,15,0.5,0.5,3.2000000000000002,0,19.199999999999999,"{'type': 'Point', 'coordinates': [-73.975526, 40.7547]}","{'type': 'Point', 'coordinates': [-74.011692, 40.712259]}",N
CMT,2013-05-08T04:00:56.000,2013-05-08T04:07:00.000,1,1.5,-73.988461999999998,40.764291,1,-73.979849000000002,40.751351,CSH,7,0.5,0.5,0,0,8,"{'type': 'Point', 'coordinates': [-73.988462, 40.764291]}","{'type': 'Point', 'coordinates': [-73.979849, 40.751351]}",N
VTS,2013-05-08T04:01:00.000,2013-05-08T04:06:00.000,5,1.4299999999999999,-73.983902,40.731797,1,-73.979588000000007,40.717306999999998,CSH,6.5,0.5,0.5,0,0,7.5,"{'type': 'Point', 'coordinates': [-73.983902, 40.731797]}","{'type': 'Point', 'coordinates': [-73.979588, 40.717307]}",
VTS,2013-05-08T04:01:00.000,2013-05-08T04:11:00.000,1,1.97,-73.988986999999995,40.730846999999997,1,-73.995099999999994,40.750036999999999,CRD,9.5,0.5,0.5,2,0,12.5,"{'type': 'Point', 'coordinates': [-73.988987, 40.730847]}","{'type': 'Point', 'coordinates': [-73.9951, 40.750037]}",
VTS,2013-05-08T04:01:00.000,2013-05-08T04:07:00.000,5,2.1600000000000001,-74.006407999999993,40.733412000000001,1,-73.988985,40.758997000000001,CSH,8,0.5,0.5,0,0,9,"{'type': 'Point', 'coordinates': [-74.006408, 40.733412]}","{'type': 'Point', 'coordinates': [-73.988985, 40.758997]}",
VTS,2013-05-08T04:01:00.000,2013-05-08T04:06:00.000,6,1.8300000000000001,-74.009259999999998,40.716859999999997,1,-73.999915000000001,40.738657000000003,CRD,7.5,0.5,0.5,0,0,8.5,"{'type': 'Point', 'coordinates': [-74.00926, 40.71686]}","{'type': 'Point', 'coordinates': [-73.999915, 40.738657]}",
VTS,2013-05-08T04:01:00.000,2013-05-08T04:05:00.000,1,1.3300000000000001,-73.96772,40.756231999999997,1,-73.957269999999994,40.766171999999997,CSH,6,0.5,0.5,0,0,7,"{'type': 'Point', 'coordinates': [-73.96772, 40.756232]}","{'type': 'Point', 'coordinates': [-73.95727, 40.766172]}",
VTS,2013-05-08T04:01:00.000,2013-05-08T04:08:00.000,1,0.23000000000000001,-74.003309999999999,40.742086999999998,1,-74.010576999999998,40.713876999999997,CRD,8.5,0.5,0.5,2.25,0,11.75,"{'type': 'Point', 'coordinates': [-74.00331, 40.742087]}","{'type': 'Point', 'coordinates': [-74.010577, 40.713877]}",
VTS,2013-05-08T04:01:00.000,2013-05-08T04:07:00.000,1,2,-73.986317,40.737912000000001,1,-73.969561999999996,40.757787,CSH,8,0.5,0.5,0,0,9,"{'type': 'Point', 'coordinates': [-73.986317, 40.737912]}","{'type': 'Point', 'coordinates': [-73.969562, 40.757787]}",
VTS,2013-05-08T04:01:00.000,2013-05-08T04:12:00.000,2,2.6499999999999999,-74.006647000000001,40.744419999999998,1,-73.997223000000005,40.713317000000004,CSH,10.5,0.5,0.5,0,0,11.5,"{'type': 'Point', 'coordinates': [-74.006647, 40.74442]}","{'type': 'Point', 'coordinates': [-73.997223, 40.713317]}",
VTS,2013-05-08T04:01:00.000,2013-05-08T04:14:00.000,2,3.6200000000000001,-73.987840000000006,40.748485000000002,1,-74.005984999999995,40.706896999999998,CRD,13.5,0.5,0.5,4.2000000000000002,0,18.699999999999999,"{'type': 'Point', 'coordinates': [-73.98784, 40.748485]}","{'type': 'Point', 'coordinates': [-74.005985, 40.706897]}",
VTS,2013-05-08T04:01:00.000,2013-05-08T04:06:00.000,1,1.6100000000000001,-74.005664999999993,40.726081999999998,1,-74.005925000000005,40.741190000000003,CSH,7,0.5,0.5,0,0,8,"{'type': 'Point', 'coordinates': [-74.005665, 40.726082]}","{'type': 'Point', 'coordinates': [-74.005925, 40.74119]}",
VTS,2013-05-08T04:01:00.000,2013-05-08T04:11:00.000,1,4.1699999999999999,-73.973506999999998,40.755017000000002,1,-73.969409999999996,40.797907000000002,CSH,13.5,0.5,0.5,0,0,14.5,"{'type': 'Point', 'coordinates': [-73.973507, 40.755017]}","{'type': 'Point', 'coordinates': [-73.96941, 40.797907]}",
VTS,2013-05-08T04:01:00.000,2013-05-08T04:13:00.000,1,3.0299999999999998,-73.990222000000003,40.760817000000003,1,-73.988524999999996,40.729137000000001,CSH,12,0.5,0.5,0,0,13,"{'type': 'Point', 'coordinates': [-73.990222, 40.760817]}","{'type': 'Point', 'coordinates': [-73.988525, 40.729137]}",
VTS,2013-05-08T04:01:00.000,2013-05-08T04:07:00.000,5,1.27,-73.986936999999998,40.729652000000002,1,-73.997874999999993,40.716616999999999,CSH,6.5,0.5,0.5,0,0,7.5,"{'type': 'Point', 'coordinates': [-73.986937, 40.729652]}","{'type': 'Point', 'coordinates': [-73.997875, 40.716617]}",
VTS,2013-05-08T04:01:00.000,2013-05-08T04:04:00.000,5,0.70999999999999996,-73.989570000000001,40.725811999999998,1,-73.983705,40.720526999999997,CSH,4.5,0.5,0.5,0,0,5.5,"{'type': 'Point', 'coordinates': [-73.98957, 40.725812]}","{'type': 'Point', 'coordinates': [-73.983705, 40.720527]}",
VTS,2013-05-08T04:01:00.000,2013-05-08T04:24:00.000,4,5.9800000000000004,-73.981281999999993,40.779322000000001,1,-73.983277000000001,40.727522,CRD,19,0.5,0.5,10,0,30,"{'type': 'Point', 'coordinates': [-73.981282, 40.779322]}","{'type': 'Point', 'coordinates': [-73.983277, 40.727522]}",
VTS,2013-05-08T04:01:00.000,2013-05-08T04:05:00.000,1,0.81999999999999995,-73.995417000000003,40.754632000000001,1,-73.993397000000002,40.762185000000002,CSH,5,0.5,0.5,0,0,6,"{'type': 'Point', 'coordinates': [-73.995417, 40.754632]}","{'type': 'Point', 'coordinates': [-73.993397, 40.762185]}",
VTS,2013-05-08T04:01:00.000,2013-05-08T04:03:00.000,1,0.45000000000000001,-73.977213000000006,40.742986999999999,1,-73.981499999999997,40.739707000000003,CSH,3.5,0.5,0.5,0,0,4.5,"{'type': 'Point', 'coordinates': [-73.977213, 40.742987]}","{'type': 'Point', 'coordinates': [-73.9815, 40.739707]}",
VTS,2013-05-08T04:01:00.000,2013-05-08T04:27:00.000,6,9.1099999999999994,-74.005832999999996,40.725816999999999,1,-73.940039999999996,40.811447000000001,CRD,29.5,0.5,0.5,2,0,32.5,"{'type': 'Point', 'coordinates': [-74.005833, 40.725817]}","{'type': 'Point', 'coordinates': [-73.94004, 40.811447]}",
VTS,2013-05-08T04:01:00.000,2013-05-08T04:06:00.000,1,0.71999999999999997,-73.997141999999997,40.729747000000003,1,-74.005032,40.733255,CRD,5.5,0.5,0.5,1.8,0,8.3000000000000007,"{'type': 'Point', 'coordinates': [-73.997142, 40.729747]}","{'type': 'Point', 'coordinates': [-74.005032, 40.733255]}",
VTS,2013-05-08T04:01:00.000,2013-05-08T04:06:00.000,2,1.0900000000000001,-74.003281999999999,40.751666999999998,1,-73.994429999999994,40.750827000000001,CSH,5.5,0.5,0.5,0,0,6.5,"{'type': 'Point', 'coordinates': [-74.003282, 40.751667]}","{'type': 'Point', 'coordinates': [-73.99443, 40.750827]}",
CMT,2013-05-08T04:01:09.000,2013-05-08T04:11:33.000,1,4,-74.005375000000001,40.726550000000003,1,-73.964689000000007,40.764100999999997,CSH,13,0.5,0.5,0,0,14,"{'type': 'Point', 'coordinates': [-74.005375, 40.72655]}","{'type': 'Point', 'coordinates': [-73.964689, 40.764101]}",N
CMT,2013-05-08T04:01:11.000,2013-05-08T04:17:35.000,1,1.2,-73.999137000000005,40.727893000000002,1,-73.971018000000001,40.790264000000001,CSH,18,0.5,0.5,0,0,19,"{'type': 'Point', 'coordinates': [-73.999137, 40.727893]}","{'type': 'Point', 'coordinates': [-73.971018, 40.790264]}",N
CMT,2013-05-08T04:01:14.000,2013-05-08T04:14:54.000,1,3.7999999999999998,-73.950159999999997,40.780082999999998,1,-73.996413000000004,40.760669999999998,CRD,14.5,0.5,0.5,4.6500000000000004,0,20.149999999999999,"{'type': 'Point', 'coordinates': [-73.95016, 40.780083]}","{'type': 'Point', 'coordinates': [-73.996413, 40.76067]}",N
CMT,2013-05-08T04:01:16.000,2013-05-08T04:08:30.000,1,0.5,-73.992175000000003,40.727476000000003,1,-74.005437000000001,40.705886999999997,CRD,8,0.5,0.5,2,0,11,"{'type': 'Point', 'coordinates': [-73.992175, 40.727476]}","{'type': 'Point', 'coordinates': [-74.005437, 40.705887]}",N
CMT,2013-05-08T04:01:16.000,2013-05-08T04:07:12.000,1,0.69999999999999996,-73.989193,40.760274000000003,1,-73.979078000000001,40.745012000000003,CSH,7.5,0.5,0.5,0,0,8.5,"{'type': 'Point', 'coordinates': [-73.989193, 40.760274]}","{'type': 'Point', 'coordinates': [-73.979078, 40.745012]}",N
CMT,2013-05-08T04:01:21.000,2013-05-08T04:13:04.000,4,4.5999999999999996,-73.987949999999998,40.721082000000003,1,-73.960847999999999,40.759712,CSH,15,0.5,0.5,0,0,16,"{'type': 'Point', 'coordinates': [-73.98795, 40.721082]}","{'type': 'Point', 'coordinates': [-73.960848, 40.759712]}",N
CMT,2013-05-08T04:01:23.000,2013-05-08T04:23:34.000,1,6.5,-73.981325999999996,40.769007000000002,1,-74.010876999999994,40.703662999999999,CSH,23,0.5,0.5,0,0,24,"{'type': 'Point', 'coordinates': [-73.981326, 40.769007]}","{'type': 'Point', 'coordinates': [-74.010877, 40.703663]}",N
CMT,2013-05-08T04:01:25.000,2013-05-08T04:03:23.000,1,0.40000000000000002,-74.000155000000007,40.738852999999999,0,-73.999887000000001,40.743301000000002,CRD,3.5,0.5,0.5,1.3500000000000001,0,5.8499999999999996,"{'type': 'Point', 'coordinates': [-74.000155, 40.738853]}","{'type': 'Point', 'coordinates': [-73.999887, 40.743301]}",
CMT,2013-05-08T04:01:30.000,2013-05-08T04:11:07.000,1,0.5,-73.974648000000002,40.725650000000002,1,-74.008596999999995,40.712142999999998,CSH,10,0.5,0.5,0,0,11,"{'type': 'Point', 'coordinates': [-73.974648, 40.72565]}","{'type': 'Point', 'coordinates': [-74.008597, 40.712143]}",N
CMT,2013-05-08T04:01:36.000,2013-05-08T04:09:24.000,1,2.1000000000000001,-74.00273,40.726779999999998,1,-74.013525999999999,40.702074000000003,CRD,8.5,0.5,0.5,1.8999999999999999,0,11.4,"{'type': 'Point', 'coordinates': [-74.00273, 40.72678]}","{'type': 'Point', 'coordinates': [-74.013526, 40.702074]}",N
CMT,2013-05-08T04:01:40.000,2013-05-08T04:23:25.000,1,2.5,-74.006080999999995,40.743572,1,-73.974937999999995,40.749277999999997,CSH,16.5,0.5,0.5,0,0,17.5,"{'type': 'Point', 'coordinates': [-74.006081, 40.743572]}","{'type': 'Point', 'coordinates': [-73.974938, 40.749278]}",N
CMT,2013-05-08T04:01:45.000,2013-05-08T04:06:29.000,1,4.2999999999999998,-73.986480999999998,40.760496000000003,1,-73.985761999999994,40.750985,CSH,6,0.5,0.5,0,0,7,"{'type': 'Point', 'coordinates': [-73.986481, 40.760496]}","{'type': 'Point', 'coordinates': [-73.985762, 40.750985]}",N
CMT,2013-05-08T04:01:46.000,2013-05-08T04:06:53.000,1,0.59999999999999998,-73.957881,40.774579000000003,1,-73.947507999999999,40.771366,CRD,5.5,0.5,0.5,1,0,7.5,"{'type': 'Point', 'coordinates': [-73.957881, 40.774579]}","{'type': 'Point', 'coordinates': [-73.947508, 40.771366]}",N
CMT,2013-05-08T04:01:47.000,2013-05-08T04:05:37.000,1,0.59999999999999998,-73.978291999999996,40.765484000000001,1,-73.974283999999997,40.757938000000003,CRD,4.5,0.5,0.5,1,0,6.5,"{'type': 'Point', 'coordinates': [-73.978292, 40.765484]}","{'type': 'Point', 'coordinates': [-73.974284, 40.757938]}",N
CMT,2013-05-08T04:01:49.000,2013-05-08T04:06:31.000,1,1,-73.982765999999998,40.762633999999998,1,-73.994539000000003,40.756763999999997,CSH,5.5,0.5,0.5,0,0,6.5,"{'type': 'Point', 'coordinates': [-73.982766, 40.762634]}","{'type': 'Point', 'coordinates': [-73.994539, 40.756764]}",N
CMT,2013-05-08T04:01:53.000,2013-05-08T04:10:49.000,1,3.5,-73.967905000000002,40.762456999999998,1,-73.993516,40.719413000000003,CSH,12,0.5,0.5,0,0,13,"{'type': 'Point', 'coordinates': [-73.967905, 40.762457]}","{'type': 'Point', 'coordinates': [-73.993516, 40.719413]}",N
CMT,2013-05-08T04:01:53.000,2013-05-08T04:04:30.000,1,0.69999999999999996,-74.000692999999998,40.746136999999997,1,-73.999543000000003,40.738751999999998,CRD,4.5,0.5,0.5,1,0,6.5,"{'type': 'Point', 'coordinates': [-74.000693, 40.746137]}","{'type': 'Point', 'coordinates': [-73.999543, 40.738752]}",N
CMT,2013-05-08T04:01:55.000,2013-05-08T04:05:31.000,1,1,-74.004221999999999,40.751958000000002,1,-73.993099000000001,40.745151999999997,CSH,5,0.5,0.5,0,0,6,"{'type': 'Point', 'coordinates': [-74.004222, 40.751958]}","{'type': 'Point', 'coordinates': [-73.993099, 40.745152]}",N
CMT,2013-05-08T04:01:59.000,2013-05-08T04:04:17.000,1,0.59999999999999998,-73.981966,40.778863999999999,1,-73.982112999999998,40.768783999999997,CSH,4.5,0.5,0.5,0,0,5.5,"{'type': 'Point', 'coordinates': [-73.981966, 40.778864]}","{'type': 'Point', 'coordinates': [-73.982113, 40.768784]}",N
VTS,2013-05-08T04:02:00.000,2013-05-08T04:15:00.000,5,6.9100000000000001,-73.981842,40.773732000000003,1,-73.937083000000001,40.851911999999999,CRD,20.5,0.5,0.5,0,0,21.5,"{'type': 'Point', 'coordinates': [-73.981842, 40.773732]}","{'type': 'Point', 'coordinates': [-73.937083, 40.851912]}",
VTS,2013-05-08T04:02:00.000,2013-05-08T04:13:00.000,1,1.5900000000000001,-73.974320000000006,40.747622,1,-73.985247000000001,40.760655,CRD,9.5,0.5,0.5,3,0,13.5,"{'type': 'Point', 'coordinates': [-73.97432, 40.747622]}","{'type': 'Point', 'coordinates': [-73.985247, 40.760655]}",
VTS,2013-05-08T04:02:00.000,2013-05-08T04:11:00.000,1,2.8599999999999999,-73.980199999999996,40.759506999999999,1,-73.996292999999994,40.726367000000003,CRD,10.5,0.5,0.5,2.2000000000000002,0,13.699999999999999,"{'type': 'Point', 'coordinates': [-73.9802, 40.759507]}","{'type': 'Point', 'coordinates': [-73.996293, 40.726367]}",
VTS,2013-05-08T04:02:00.000,2013-05-08T04:12:00.000,5,4.1500000000000004,-73.991609999999994,40.764854999999997,1,-73.953132999999994,40.812935000000003,CSH,13,0.5,0.5,0,0,14,"{'type': 'Point', 'coordinates': [-73.99161, 40.764855]}","{'type': 'Point', 'coordinates': [-73.953133, 40.812935]}",
VTS,2013-05-08T04:02:00.000,2013-05-08T04:13:00.000,1,2.6299999999999999,-74.005707000000001,40.743904999999998,1,-74.004755000000003,40.715801999999996,CSH,11,0.5,0.5,0,0,12,"{'type': 'Point', 'coordinates': [-74.005707, 40.743905]}","{'type': 'Point', 'coordinates': [-74.004755, 40.715802]}",
VTS,2013-05-08T04:02:00.000,2013-05-08T04:05:00.000,1,0.76000000000000001,-73.979956999999999,40.722532000000001,1,-73.983914999999996,40.729567000000003,CSH,4.5,0.5,0.5,0,0,5.5,"{'type': 'Point', 'coordinates': [-73.979957, 40.722532]}","{'type': 'Point', 'coordinates': [-73.983915, 40.729567]}",
VTS,2013-05-08T04:02:00.000,2013-05-08T04:11:00.000,1,1.8700000000000001,-74.007732000000004,40.740676999999998,1,-73.988659999999996,40.727176999999998,CSH,9,0.5,0.5,0,0,10,"{'type': 'Point', 'coordinates': [-74.007732, 40.740677]}","{'type': 'Point', 'coordinates': [-73.98866, 40.727177]}",
VTS,2013-05-08T04:02:00.000,2013-05-08T04:20:00.000,5,4.5999999999999996,-73.982586999999995,40.731222000000002,1,-73.983311999999998,40.776634999999999,CRD,17.5,0.5,0.5,2,0,20.5,"{'type': 'Point', 'coordinates': [-73.982587, 40.731222]}","{'type': 'Point', 'coordinates': [-73.983312, 40.776635]}",
VTS,2013-05-08T04:02:00.000,2013-05-08T04:04:00.000,2,0.91000000000000003,-73.970512999999997,40.752082000000001,1,-73.981002000000004,40.747101999999998,CSH,4.5,0.5,0.5,0,0,5.5,"{'type': 'Point', 'coordinates': [-73.970513, 40.752082]}","{'type': 'Point', 'coordinates': [-73.981002, 40.747102]}",
VTS,2013-05-08T04:02:00.000,2013-05-08T04:06:00.000,6,0.87,-73.989287000000004,40.74324,1,-73.987570000000005,40.73845,CSH,5,0.5,0.5,0,0,6,"{'type': 'Point', 'coordinates': [-73.989287, 40.74324]}","{'type': 'Point', 'coordinates': [-73.98757, 40.73845]}",
VTS,2013-05-08T04:02:00.000,2013-05-08T04:06:00.000,6,1.3600000000000001,-73.994135,40.751505000000002,1,-73.981042000000002,40.765281999999999,CSH,6,0.5,0.5,0,0,7,"{'type': 'Point', 'coordinates': [-73.994135, 40.751505]}","{'type': 'Point', 'coordinates': [-73.981042, 40.765282]}",
VTS,2013-05-08T04:02:00.000,2013-05-08T04:04:00.000,1,0.35999999999999999,-74.006308000000004,40.744594999999997,1,-74.000551999999999,40.74259,CSH,3.5,0.5,0.5,0,0,4.5,"{'type': 'Point', 'coordinates': [-74.006308, 40.744595]}","{'type': 'Point', 'coordinates': [-74.000552, 40.74259]}",
VTS,2013-05-08T04:02:00.000,2013-05-08T04:10:00.000,5,2.0499999999999998,-73.999962999999994,40.738795000000003,1,-73.984611999999998,40.720444999999998,CRD,9,0.5,0.5,1.8999999999999999,0,11.9,"{'type': 'Point', 'coordinates': [-73.999963, 40.738795]}","{'type': 'Point', 'coordinates': [-73.984612, 40.720445]}",
VTS,2013-05-08T04:02:00.000,2013-05-08T04:13:00.000,1,5.0599999999999996,-74.015545000000003,40.709800000000001,1,-73.976675,40.739417000000003,CRD,16,0.5,0.5,2,0,19,"{'type': 'Point', 'coordinates': [-74.015545, 40.7098]}","{'type': 'Point', 'coordinates': [-73.976675, 40.739417]}",
VTS,2013-05-08T04:02:00.000,2013-05-08T04:14:00.000,1,1.96,-74.010284999999996,40.728566999999998,1,-73.979560000000006,40.727297,CRD,10,0.5,0.5,1,0,12,"{'type': 'Point', 'coordinates': [-74.010285, 40.728567]}","{'type': 'Point', 'coordinates': [-73.97956, 40.727297]}",
VTS,2013-05-08T04:02:00.000,2013-05-08T04:12:00.000,1,4.1799999999999997,-73.994524999999996,40.728262000000001,1,-73.956554999999994,40.773052,CRD,13.5,0.5,0.5,2.7999999999999998,0,17.300000000000001,"{'type': 'Point', 'coordinates': [-73.994525, 40.728262]}","{'type': 'Point', 'coordinates': [-73.956555, 40.773052]}",
VTS,2013-05-08T04:02:00.000,2013-05-08T04:18:00.000,1,3.8799999999999999,-73.99915,40.727862000000002,1,-73.967609999999993,40.769150000000003,CRD,15,0.5,0.5,1,0,17,"{'type': 'Point', 'coordinates': [-73.99915, 40.727862]}","{'type': 'Point', 'coordinates': [-73.96761, 40.76915]}",
VTS,2013-05-08T04:02:00.000,2013-05-08T04:10:00.000,1,2.7000000000000002,-73.971069999999997,40.755837,1,-73.954177000000001,40.787317000000002,CRD,10,0.5,0.5,1.5,0,12.5,"{'type': 'Point', 'coordinates': [-73.97107, 40.755837]}","{'type': 'Point', 'coordinates': [-73.954177, 40.787317]}",
VTS,2013-05-08T04:02:00.000,2013-05-08T04:11:00.000,1,2.6200000000000001,-73.996323000000004,40.716402000000002,1,-73.993971999999999,40.746682,CRD,10,0.5,0.5,2.1000000000000001,0,13.1,"{'type': 'Point', 'coordinates': [-73.996323, 40.716402]}","{'type': 'Point', 'coordinates': [-73.993972, 40.746682]}",
VTS,2013-05-08T04:02:00.000,2013-05-08T04:10:00.000,4,3.1000000000000001,-74.000443000000004,40.727302000000002,1,-73.975014999999999,40.762777,CRD,10.5,0.5,0.5,2.2000000000000002,0,13.699999999999999,"{'type': 'Point', 'coordinates': [-74.000443, 40.727302]}","{'type': 'Point', 'coordinates': [-73.975015, 40.762777]}",
CMT,2013-05-08T04:02:02.000,2013-05-08T04:04:27.000,1,0.40000000000000002,-73.985746000000006,40.763330000000003,1,-73.980046000000002,40.760404999999999,CSH,4,0.5,0.5,0,0,5,"{'type': 'Point', 'coordinates': [-73.985746, 40.76333]}","{'type': 'Point', 'coordinates': [-73.980046, 40.760405]}",N
CMT,2013-05-08T04:02:02.000,2013-05-08T04:15:44.000,1,5.2000000000000002,-74.011672000000004,40.707483000000003,1,-73.985512,40.769013000000001,CSH,17,0.5,0.5,0,0,18,"{'type': 'Point', 'coordinates': [-74.011672, 40.707483]}","{'type': 'Point', 'coordinates': [-73.985512, 40.769013]}",N
CMT,2013-05-08T04:02:02.000,2013-05-08T04:11:15.000,3,6.2000000000000002,-73.990865999999997,40.736567999999998,1,-73.985010000000003,40.724119999999999,CSH,8.5,0.5,0.5,0,0,9.5,"{'type': 'Point', 'coordinates': [-73.990866, 40.736568]}","{'type': 'Point', 'coordinates': [-73.98501, 40.72412]}",N
CMT,2013-05-08T04:02:03.000,2013-05-08T04:05:47.000,1,0.5,-73.999661000000003,40.714407999999999,1,-73.994136999999995,40.718286999999997,CSH,4.5,0.5,0.5,0,0,5.5,"{'type': 'Point', 'coordinates': [-73.999661, 40.714408]}","{'type': 'Point', 'coordinates': [-73.994137, 40.718287]}",N
CMT,2013-05-08T04:02:04.000,2013-05-08T04:09:27.000,1,1.7,-74.010317000000001,40.729653999999996,1,-73.998374999999996,40.742173999999999,CRD,8,0.5,0.5,2.25,0,11.25,"{'type': 'Point', 'coordinates': [-74.010317, 40.729654]}","{'type': 'Point', 'coordinates': [-73.998375, 40.742174]}",N
CMT,2013-05-08T04:02:06.000,2013-05-08T04:06:20.000,1,0.80000000000000004,-73.984190999999996,40.754717999999997,1,-73.996754999999993,40.759568000000002,CRD,5,0.5,0.5,1.2,0,7.2000000000000002,"{'type': 'Point', 'coordinates': [-73.984191, 40.754718]}","{'type': 'Point', 'coordinates': [-73.996755, 40.759568]}",N
CMT,2013-05-08T04:02:07.000,2013-05-08T04:07:15.000,1,1,-73.985647,40.741196000000002,1,-73.974113000000003,40.738475999999999,CRD,6,0.5,0.5,1.3999999999999999,0,8.4000000000000004,"{'type': 'Point', 'coordinates': [-73.985647, 40.741196]}","{'type': 'Point', 'coordinates': [-73.974113, 40.738476]}",N
CMT,2013-05-08T04:02:09.000,2013-05-08T04:30:43.000,3,10.1,-74.005988000000002,40.743749000000001,1,-73.936453,40.850284000000002,CSH,32.5,0.5,0.5,0,0,33.5,"{'type': 'Point', 'coordinates': [-74.005988, 40.743749]}","{'type': 'Point', 'coordinates': [-73.936453, 40.850284]}",Y
CMT,2013-05-08T04:02:10.000,2013-05-08T04:07:08.000,1,0.90000000000000002,-73.989375999999993,40.735658999999998,1,-73.983344000000002,40.745789000000002,CSH,5.5,0.5,0.5,0,0,6.5,"{'type': 'Point', 'coordinates': [-73.989376, 40.735659]}","{'type': 'Point', 'coordinates': [-73.983344, 40.745789]}",N
CMT,2013-05-08T04:02:13.000,2013-05-08T04:11:47.000,1,3.6000000000000001,-73.989868999999999,40.725707,1,-73.959828999999999,40.770805000000003,CRD,12.5,0.5,0.5,2.7000000000000002,0,16.199999999999999,"{'type': 'Point', 'coordinates': [-73.989869, 40.725707]}","{'type': 'Point', 'coordinates': [-73.959829, 40.770805]}",N
CMT,2013-05-08T04:02:14.000,2013-05-08T04:09:36.000,1,2.7999999999999998,-74.001480999999998,40.725029999999997,1,-73.979653999999996,40.753132999999998,CSH,9.5,0.5,0.5,0,0,10.5,"{'type': 'Point', 'coordinates': [-74.001481, 40.72503]}","{'type': 'Point', 'coordinates': [-73.979654, 40.753133]}",N
CMT,2013-05-08T04:02:15.000,2013-05-08T04:22:54.000,2,7.7999999999999998,-74.008078999999995,40.740988000000002,1,-73.949269000000001,40.806063000000002,CSH,25.5,0.5,0.5,0,0,26.5,"{'type': 'Point', 'coordinates': [-74.008079, 40.740988]}","{'type': 'Point', 'coordinates': [-73.949269, 40.806063]}",N
CMT,2013-05-08T04:02:17.000,2013-05-08T04:05:51.000,1,0.69999999999999996,-73.976887000000005,40.755678000000003,1,-73.968784999999997,40.760112999999997,CRD,4.5,0.5,0.5,1.6499999999999999,0,7.1500000000000004,"{'type': 'Point', 'coordinates': [-73.976887, 40.755678]}","{'type': 'Point', 'coordinates': [-73.968785, 40.760113]}",N
CMT,2013-05-08T04:02:28.000,2013-05-08T04:04:26.000,1,1.1000000000000001,-73.983791999999994,40.762096999999997,1,-73.985354999999998,40.764805000000003,CSH,3.5,0.5,0.5,0,0,4.5,"{'type': 'Point', 'coordinates': [-73.983792, 40.762097]}","{'type': 'Point', 'coordinates': [-73.985355, 40.764805]}",N
CMT,2013-05-08T04:02:35.000,2013-05-08T04:05:38.000,1,0.69999999999999996,-73.980929000000003,40.729776999999999,1,-73.992484000000005,40.734521999999998,CSH,4.5,0.5,0.5,0,0,5.5,"{'type': 'Point', 'coordinates': [-73.980929, 40.729777]}","{'type': 'Point', 'coordinates': [-73.992484, 40.734522]}",N
CMT,2013-05-08T04:02:36.000,2013-05-08T04:05:59.000,1,0.59999999999999998,-73.980663000000007,40.765802000000001,1,-73.988596000000001,40.762937999999998,CSH,4.5,0.5,0.5,0,0,5.5,"{'type': 'Point', 'coordinates': [-73.980663, 40.765802]}","{'type': 'Point', 'coordinates': [-73.988596, 40.762938]}",N
CMT,2013-05-08T04:02:41.000,2013-05-08T04:12:58.000,1,3.6000000000000001,-74.004152000000005,40.741720999999998,1,-73.964078999999998,40.771186999999998,CRD,12.5,0.5,0.5,1,0,14.5,"{'type': 'Point', 'coordinates': [-74.004152, 40.741721]}","{'type': 'Point', 'coordinates': [-73.964079, 40.771187]}",N
CMT,2013-05-08T04:02:46.000,2013-05-08T04:23:28.000,1,6.2000000000000002,-74.005082999999999,40.712541000000002,1,-73.963155999999998,40.771881999999998,CRD,21,0.5,0.5,4,0,26,"{'type': 'Point', 'coordinates': [-74.005083, 40.712541]}","{'type': 'Point', 'coordinates': [-73.963156, 40.771882]}",N
CMT,2013-05-08T04:02:50.000,2013-05-08T04:25:05.000,2,0,-73.999583000000001,40.733812999999998,1,-73.937098000000006,40.851230999999999,CRD,30,0.5,0.5,7.75,0,38.75,"{'type': 'Point', 'coordinates': [-73.999583, 40.733813]}","{'type': 'Point', 'coordinates': [-73.937098, 40.851231]}",N
CMT,2013-05-08T04:02:50.000,2013-05-08T04:23:11.000,1,7.5,-74.001275000000007,40.739227,1,-73.953298000000004,40.820348000000003,CRD,22,0.5,0.5,6.9000000000000004,0,29.899999999999999,"{'type': 'Point', 'coordinates': [-74.001275, 40.739227]}","{'type': 'Point', 'coordinates': [-73.953298, 40.820348]}",N
CMT,2013-05-08T04:02:51.000,2013-05-08T04:18:40.000,3,3.2000000000000002,-73.987380999999999,40.747748000000001,1,-73.995242000000005,40.711534999999998,CRD,13.5,0.5,0.5,2.8999999999999999,0,17.399999999999999,"{'type': 'Point', 'coordinates': [-73.987381, 40.747748]}","{'type': 'Point', 'coordinates': [-73.995242, 40.711535]}",N
CMT,2013-05-08T04:02:56.000,2013-05-08T04:11:51.000,1,1,-73.987320999999994,40.765987000000003,1,-73.968429999999998,40.755051999999999,CSH,7.5,0.5,0.5,0,0,8.5,"{'type': 'Point', 'coordinates': [-73.987321, 40.765987]}","{'type': 'Point', 'coordinates': [-73.96843, 40.755052]}",N
CMT,2013-05-08T04:02:56.000,2013-05-08T04:16:23.000,1,5.2000000000000002,-73.973606000000004,40.752363000000003,1,-73.953198,40.812595000000002,CRD,16,0.5,0.5,1,0,18,"{'type': 'Point', 'coordinates': [-73.973606, 40.752363]}","{'type': 'Point', 'coordinates': [-73.953198, 40.812595]}",N
CMT,2013-05-08T04:02:58.000,2013-05-08T04:11:14.000,1,3.6000000000000001,-73.990831999999997,40.751024999999998,1,-73.959736000000007,40.771062999999998,CRD,10.5,0.5,0.5,1,0,12.5,"{'type': 'Point', 'coordinates': [-73.990832, 40.751025]}","{'type': 'Point', 'coordinates': [-73.959736, 40.771063]}",N
CMT,2013-05-08T04:02:58.000,2013-05-08T04:15:35.000,1,2.2999999999999998,-74.006198999999995,40.743594000000002,1,-73.994060000000005,40.725296,CSH,11,0.5,0.5,0,0,12,"{'type': 'Point', 'coordinates': [-74.006199, 40.743594]}","{'type': 'Point', 'coordinates': [-73.99406, 40.725296]}",N
CMT,2013-05-08T04:02:59.000,2013-05-08T04:11:53.000,1,4,-73.981362000000004,40.773612999999997,1,-73.990277000000006,40.729145000000003,CRD,12.5,0.5,0.5,2.7000000000000002,0,16.199999999999999,"{'type': 'Point', 'coordinates': [-73.981362, 40.773613]}","{'type': 'Point', 'coordinates': [-73.990277, 40.729145]}",N
VTS,2013-05-08T04:03:00.000,2013-05-08T04:13:00.000,5,1.9299999999999999,-73.989705000000001,40.759827000000001,1,-73.967658,40.756889999999999,CSH,9.5,0.5,0.5,0,0,10.5,"{'type': 'Point', 'coordinates': [-73.989705, 40.759827]}","{'type': 'Point', 'coordinates': [-73.967658, 40.75689]}",
VTS,2013-05-08T04:03:00.000,2013-05-08T04:08:00.000,1,0.46000000000000002,-73.990295000000003,40.725037,1,-73.986535000000003,40.725822000000001,CSH,5,0.5,0.5,0,0,6,"{'type': 'Point', 'coordinates': [-73.990295, 40.725037]}","{'type': 'Point', 'coordinates': [-73.986535, 40.725822]}",
VTS,2013-05-08T04:03:00.000,2013-05-08T04:11:00.000,5,1.2,-73.987431999999998,40.754640000000002,1,-73.973219999999998,40.756987000000002,CSH,7,0.5,0.5,0,0,8,"{'type': 'Point', 'coordinates': [-73.987432, 40.75464]}","{'type': 'Point', 'coordinates': [-73.97322, 40.756987]}",
VTS,2013-05-08T04:03:00.000,2013-05-08T04:11:00.000,6,4.8099999999999996,-73.936428000000006,40.798969999999997,1,-73.972487000000001,40.74344,CSH,15,0.5,0.5,0,0,16,"{'type': 'Point', 'coordinates': [-73.936428, 40.79897]}","{'type': 'Point', 'coordinates': [-73.972487, 40.74344]}",
VTS,2013-05-08T04:03:00.000,2013-05-08T04:09:00.000,5,1.1399999999999999,-73.981804999999994,40.763547000000003,1,-73.985335000000006,40.768875000000001,CSH,6.5,0.5,0.5,0,0,7.5,"{'type': 'Point', 'coordinates': [-73.981805, 40.763547]}","{'type': 'Point', 'coordinates': [-73.985335, 40.768875]}",
VTS,2013-05-08T04:03:00.000,2013-05-08T04:10:00.000,6,1.3200000000000001,-73.986311999999998,40.741497000000003,1,-73.971642000000003,40.749977000000001,CRD,7,0.5,0.5,1.5,0,9.5,"{'type': 'Point', 'coordinates': [-73.986312, 40.741497]}","{'type': 'Point', 'coordinates': [-73.971642, 40.749977]}",
CMT,2013-05-08T04:03:00.000,2013-05-08T04:14:34.000,1,1.6000000000000001,-74.002508000000006,40.733618,1,-73.973405,40.752381999999997,CSH,11,0.5,0.5,0,0,12,"{'type': 'Point', 'coordinates': [-74.002508, 40.733618]}","{'type': 'Point', 'coordinates': [-73.973405, 40.752382]}",N
VTS,2013-05-08T04:03:00.000,2013-05-08T04:07:00.000,5,1.45,-74.010187000000002,40.720322000000003,1,-74.006041999999994,40.735472000000001,CRD,6,0.5,0.5,1.3,0,8.3000000000000007,"{'type': 'Point', 'coordinates': [-74.010187, 40.720322]}","{'type': 'Point', 'coordinates': [-74.006042, 40.735472]}",
VTS,2013-05-08T04:03:00.000,2013-05-08T04:07:00.000,1,1.04,-73.976061999999999,40.740402000000003,1,-73.988866999999999,40.748649999999998,CSH,5.5,0.5,0.5,0,0,6.5,"{'type': 'Point', 'coordinates': [-73.976062, 40.740402]}","{'type': 'Point', 'coordinates': [-73.988867, 40.74865]}",
VTS,2013-05-08T04:03:00.000,2013-05-08T04:13:00.000,1,2.4900000000000002,-73.997384999999994,40.762987000000003,1,-73.972121999999999,40.747362000000003,CSH,10.5,0.5,0.5,0,0,11.5,"{'type': 'Point', 'coordinates': [-73.997385, 40.762987]}","{'type': 'Point', 'coordinates': [-73.972122, 40.747362]}",
VTS,2013-05-08T04:03:00.000,2013-05-08T04:06:00.000,1,0.56000000000000005,-73.987022999999994,40.760075000000001,1,-73.982877999999999,40.764952000000001,CSH,4,0.5,0.5,0,0,5,"{'type': 'Point', 'coordinates': [-73.987023, 40.760075]}","{'type': 'Point', 'coordinates': [-73.982878, 40.764952]}",
VTS,2013-05-08T04:03:00.000,2013-05-08T04:16:00.000,5,5.8499999999999996,-73.988792000000004,40.759369999999997,1,-73.952160000000006,40.823915,CSH,18,0.5,0.5,0,0,19,"{'type': 'Point', 'coordinates': [-73.988792, 40.75937]}","{'type': 'Point', 'coordinates': [-73.95216, 40.823915]}",
VTS,2013-05-08T04:03:00.000,2013-05-08T04:04:00.000,2,0.12,-74.005632000000006,40.726157999999998,1,-74.004647000000006,40.725482,CSH,2.5,0.5,0.5,0,0,3.5,"{'type': 'Point', 'coordinates': [-74.005632, 40.726158]}","{'type': 'Point', 'coordinates': [-74.004647, 40.725482]}",
VTS,2013-05-08T04:03:00.000,2013-05-08T04:07:00.000,1,0.95999999999999996,-73.992064999999997,40.726052000000003,1,-73.992867000000004,40.714751999999997,CSH,5.5,0.5,0.5,0,0,6.5,"{'type': 'Point', 'coordinates': [-73.992065, 40.726052]}","{'type': 'Point', 'coordinates': [-73.992867, 40.714752]}",
VTS,2013-05-08T04:03:00.000,2013-05-08T04:10:00.000,1,1.3500000000000001,-74.005696999999998,40.743772,1,-73.990449999999996,40.735035000000003,CRD,7.5,0.5,0.5,0,0,8.5,"{'type': 'Point', 'coordinates': [-74.005697, 40.743772]}","{'type': 'Point', 'coordinates': [-73.99045, 40.735035]}",
VTS,2013-05-08T04:03:00.000,2013-05-08T04:09:00.000,1,1.0700000000000001,-73.996750000000006,40.736460000000001,1,-73.982934999999998,40.732481999999997,CSH,6,0.5,0.5,0,0,7,"{'type': 'Point', 'coordinates': [-73.99675, 40.73646]}","{'type': 'Point', 'coordinates': [-73.982935, 40.732482]}",
VTS,2013-05-08T04:03:00.000,2013-05-08T04:12:00.000,6,3.3199999999999998,-74.006545000000003,40.728797,1,-73.988596999999999,40.768999999999998,CSH,11,0.5,0.5,0,0,12,"{'type': 'Point', 'coordinates': [-74.006545, 40.728797]}","{'type': 'Point', 'coordinates': [-73.988597, 40.769]}",
VTS,2013-05-08T04:03:00.000,2013-05-08T04:26:00.000,4,6.1399999999999997,-74.008672000000004,40.740609999999997,1,-73.959935000000002,40.815327000000003,CRD,22,0.5,0.5,4.5,0,27.5,"{'type': 'Point', 'coordinates': [-74.008672, 40.74061]}","{'type': 'Point', 'coordinates': [-73.959935, 40.815327]}",
